{
    "swagger": "2.0",
    "info": {
        "description": "This is a simple example NodeJS API project to demonstrate Swagger Documentation",
        "version": "1.0.0",
        "title": "Tasks API",
        "contact": {
            "email": "abc@gmail.com"
        },
        "license": {
            "name": "Apache 2.0",
            "url": "http://www.apache.org/licenses/LICENSE-2.0.html"
        }
    },
    "schemes": ["http"],
    "host": "localhost:3004",
    "basePath": "/",
    "paths" : {
        "/read" : {
            "get" : {
                "summary" : "Get all the data",
                "description": "Get all the data",
                "produces": ["application/json"],
                "parameters": [
                    {
                        "name": "Age",
                        "in": "query",
                        "description": "age of person",
                        "required": true,
                        "type": "string"
                    }
                ],
                "responses": {
                    "200": {
                        "description": "successful operation",
                        "schema": { 
                            "type": "array",
                            "items": {
                                "$ref": "#/definitions/response"
                            }
                        }
                    },
                    "400": {
                        "description": "Invalid status value",
                        "schema": {
                            "$ref": "#/definitions/InvalidResponse"
                        }
                    }
                }
            }
        },
        "/create" : {
            "post" : {
                "summary" : "Create the data",
                "description": "Save the task",
                "produces": ["application/json"],
                "consumes": ["application/json"],
                "parameters": [
                    {
                        "in": "query",
                        "name": "Name",
                        "description": "task object",
                        "required": true,
                        "schema": {
                            "type": "object",
                            "properties": {
                                "task" : {
                                    "type": "object",
                                    "$ref": "#/definitions/Task"
                                } 
                            }
                        }
                    },
                    {
                        "in": "query",
                        "name": "Age",
                        "description": "task object",
                        "required": true,
                        "schema": {
                            "type": "object",
                            "properties": {
                                "task" : {
                                    "type": "object",
                                    "$ref": "#/definitions/Task"
                                } 
                            }
                        }
                    },
                    {
                        "in": "query",
                        "name": "Email",
                        "description": "task object",
                        "required": true,
                        "schema": {
                            "type": "object",
                            "properties": {
                                "task" : {
                                    "type": "object",
                                    "$ref": "#/definitions/Task"
                                } 
                            }
                        }
                    },
                    {
                        "in": "query",
                        "name": "Gender",
                        "description": "task object",
                        "required": true,
                        "schema": {
                            "type": "object",
                            "properties": {
                                "task" : {
                                    "type": "object",
                                    "$ref": "#/definitions/Task"
                                } 
                            }
                        }
                    },
                    {
                        "in": "query",
                        "name": "MobileNumber",
                        "description": "task object",
                        "required": true,
                        "schema": {
                            "type": "object",
                            "properties": {
                                "task" : {
                                    "type": "object",
                                    "$ref": "#/definitions/Task"
                                } 
                            }
                        }
                    },
                    {
                        "in": "query",
                        "name": "Birthday",
                        "description": "task object",
                        "required": true,
                        "schema": {
                            "type": "object",
                            "properties": {
                                "task" : {
                                    "type": "object",
                                    "$ref": "#/definitions/Task"
                                } 
                            }
                        }
                    },
                    {
                        "in": "query",
                        "name": "City",
                        "description": "task object",
                        "required": true,
                        "schema": {
                            "type": "object",
                            "properties": {
                                "task" : {
                                    "type": "object",
                                    "$ref": "#/definitions/Task"
                                } 
                            }
                        }
                    },
                    {
                        "in": "query",
                        "name": "State",
                        "description": "task object",
                        "required": true,
                        "schema": {
                            "type": "object",
                            "properties": {
                                "task" : {
                                    "type": "object",
                                    "$ref": "#/definitions/Task"
                                } 
                            }
                        }
                    },
                    {
                        "in": "query",
                        "name": "Country",
                        "description": "task object",
                        "required": true,
                        "schema": {
                            "type": "object",
                            "properties": {
                                "task" : {
                                    "type": "object",
                                    "$ref": "#/definitions/Task"
                                } 
                            }
                        }
                    },
                    {
                        "in": "query",
                        "name": "Address1",
                        "description": "task object",
                        "required": true,
                        "schema": {
                            "type": "object",
                            "properties": {
                                "task" : {
                                    "type": "object",
                                    "$ref": "#/definitions/Task"
                                } 
                            }
                        }
                    },
                    {
                        "in": "query",
                        "name": "Address2",
                        "description": "task object",
                        "required": true,
                        "schema": {
                            "type": "object",
                            "properties": {
                                "task" : {
                                    "type": "object",
                                    "$ref": "#/definitions/Task"
                                } 
                            }
                        }
                    }
                ],
                "responses": {
                    "200": {
                        "description": "successful operation",
                        "schema": {
                            "type": "array",
                            "items": {
                                "$ref": "#/definitions/response"
                            }
                        }
                    },
                    "400": {
                        "description": "Invalid status value",
                        "schema": {
                            "$ref": "#/definitions/InvalidResponse"
                        }
                    }
                }
            }
        },
        "/Update" : {
            "put" : {
                "summary" : "Update the tasks",
                "description": "Update the tasks",
                "produces": ["application/json"],
                "parameters": [
                    {
                        "name": "body",
                        "in": "body",
                        "description": "Mobilenumber that needs to be deleted",
                        "required": true,
                        "type": "string",
                        "properties": {
                            "data" : {
                                "type": "object",
                                "$ref": "#/definitions/Person"
                            } 
                        }

                    }
                ],
                "responses": {
                    "200": {
                        "description": "successful operation",
                        "schema": {
                            "type": "array",
                            "items": {
                                "$ref": "#/definitions/response"
                            }
                        }
                    },
                    "400": {
                        "description": "Invalid status value",
                        "schema": {
                            "$ref": "#/definitions/InvalidResponse"
                        }
                    }
                }
            }
        },
        "/remove" : {
            "delete" : {
                "summary" : "Delete the task",
                "description": "Delete the task",
                "produces": ["application/json"],
                "parameters": [
                    {
                        "name": "MobileNumber",
                        "in": "query",
                        "description": "task id that needs to be deleted",
                        "required": true,
                        "type": "string"
                    }
                ],
                "responses": {
                    "200": {
                        "description": "successful operation",
                        "schema": {
                            "type": "array",
                            "items": {
                                "$ref": "#/definitions/todosResponse"
                            }
                        }
                    },
                    "400": {
                        "description": "Invalid status value",
                        "schema": {
                            "$ref": "#/definitions/InvalidResponse"
                        }
                    }
                }
            }
        }
    }, 
    "definitions": {
        "response": {
            "type": "object",
            "properties": {
                "Name": {
                     "type": "integer"
                },
                "Age": {
                    "type": "string"
                },
                "Email": {
                    "type": "string"
                },
                "Gender": {
                    "type": "string"
                }
            }
        },
        "Person": {
            "type": "object",
            "properties": {
                "Name": {
                    "type": "string"
                },
                "Gender": {
                    "type": "string"
                },
                "MobileNumber": {
                    "type": "string"
                }
            }
        },
        "InvalidResponse": {
            "type": "object",
            "properties": {
                "statusCode": {
                    "type": "string"
                },
                "message": {
                    "type": "string"
                }
            }

        }
    }
}
